leopard	http://img1.etsystatic.com/006/0/7248068/il_570xN.379516279_ifsi.jpg
dotted	http://media-cache-ec0.pinimg.com/736x/49/b2/7c/49b27c1f1ceafef368c3218e278ef245.jpg
striped	http://rockstaracademy.co.uk/shop/Mens_t-shirt_white_black_BIG.jpg
striped	http://img.sheinside.com/images/sheinside.com/201301/1357701854573957452.jpg
dotted	http://media-cache-ak0.pinimg.com/736x/cc/38/af/cc38af70d3196de727a50a57f26fd5eb.jpg
striped	https://cdnb.lystit.com/520/650/n/photos/ad03-2016/01/29/etro-blue-striped-panel-polo-shirt-product-0-959262292-normal.jpeg
dotted	http://www.filenesbasement.com/photos/product-alternate/giant/1618930S176604/alt/176604.jpg
striped	http://images.shirts.com/products/20833/13-14/womens-foo-fighter-girls-striped-t-shirt.jpg
dotted	http://media-cache-ec0.pinimg.com/736x/38/25/8f/38258f13021d4df9a8b40abe0232e524.jpg
leopard	https://image.spreadshirtmedia.com/image-server/v1/compositions/7527498T110A1PC121943010PA177PT17X14Y22S80/views/2,width=300,height=300,appearanceId=1,version=1465297176/leopard-t-shirts-men-s-polo-shirt.jpg
striped	http://images.hurleys.co.uk/images/products/zoom/1338288259-02962500.jpg
leopard	http://www.lindybop.co.uk/images/onassis-leopard-print-sweater-p2271-14068_zoom.jpg
striped	http://www.mainecountryhome.com/wp-content/uploads/2013/03/VANCL-Puffed-Sleeves-Sailor-Striped-Shirt-Blue_6626447.bak_.jpg
striped	http://www.lifeclothing.co.uk/images/products/zoom/1283550221-52551500.jpg
dotted	https://cdnc.lystit.com/photos/7e4b-2015/08/29/red-valentino-black-sheer-dotted-print-bow-blouse-product-0-078680795-normal.jpeg
leopard	http://g02.a.alicdn.com/kf/HTB1SZcTJXXXXXaJXXXXq6xXFXXXe/New-Casual-Cotton-Long-Sleeve-Leopard-Print-Blouse-V-Neck-Chiffon-Shirt-Blusas-Feminino-Ladies-Blouses.jpg
dotted	http://images.asos-media.com/inv/media/6/5/7/0/4830756/black/image1xxl.jpg
striped	http://media-cache-ak0.pinimg.com/736x/c7/68/27/c76827b0d9b867fbd257d55b95b98b6b.jpg
dotted	http://images.asos-media.com/inv/media/2/3/0/1/4491032/blue/image1xxl.jpg
dotted	http://media-cache-ec0.pinimg.com/736x/19/59/ac/1959acbc208494f79c518585f3a22077.jpg
dotted	https://n3.sdlcdn.com/imgs/a/z/g/Allen-Solly-Cream-Dotted-Sweater-SDL208658955-1-4ba83.jpg
striped	http://usamedia.frenchconnection.com/ms/fcus/56GV9_model/1537/1024/Striped-Polo-Shirt.jpg?lc=en-GB&lv=7&404=fcus/56GV9.jpg
dotted	http://media-cache-ec0.pinimg.com/736x/fe/26/07/fe2607e672cd85d82be836d384e18229.jpg
striped	http://cdn.cichic.com/media/catalog/product/cache/1/image/5e06319eda06f020e43594a9c230972d/1/1/11177475827-1/blue-and-white-striped-cut-out-bow-blouse.jpg
striped	http://images.asos-media.com/inv/media/1/6/9/2/4972961/navy/image1xxl.jpg
leopard	http://www.hiphopcloset.com/images/products/detail/coogi_faux_fur_vest.JPG
striped	http://images.repertoirefashion.co.uk/images/products/zoom/1365774438-80736100.jpg
dotted	https://www.hautelookcdn.com/resizer/434x650/products/Y1344Q1-AVG7/large/5266557.jpg
dotted	https://i.s-jcrew.com/is/image/jcrew/F4413_WP7605?$pdp_fs418$
striped	http://www.forever21.com/images/default_750/00074038-03.jpg
striped	http://image6.oasap.com/o_img/2014/09/27/47126-300607-home/sweet-striped-sweater.jpg
leopard	http://www.blueinc.co.uk/images/mossimo-mens-white-leopard-print-t-shirt-p19580-19518_image.jpg
striped	http://www.whitehouseblackmarket.com/Product_Images/570135902_1050.jpg
striped	http://www.blueinc.co.uk/images/smith-jones-mens-blue-white-striped-polo-shirt-p20561-22944_zoom.jpg
striped	http://images.swerve.co.uk/images/products/zoom/1331848616-27909000.jpg
striped	http://cdn.cichic.com/media/catalog/product/cache/1/image/5e06319eda06f020e43594a9c230972d/1/1/11136875214-1/multicolor-striped-print-short-sleeve-cotton-t-shirt.jpg
dotted	http://content.yoursclothing.co.uk/Images/ProductImages/20f9f6a3-7fa6-4572-955a-83dfe475f806.jpg
leopard	http://media-cache-ec0.pinimg.com/736x/99/05/20/99052061958446735711815216bc57ef.jpg
dotted	http://www.emenfashion.com/wp-content/uploads/2012/07/Burberry-Prorsum-men-skinny-fit-polka-dot-poplin-shirt-1.jpg
striped	http://media.peterhahn.co.uk/is/image/peterhahn/F/peter-hahn-striped-blouse-pine-green-white-700636_CAT_M_080814_160947.jpg
dotted	http://media-cache-ec0.pinimg.com/736x/83/ff/e3/83ffe34b1f63c6621964c3d069df1ffb.jpg
striped	https://static.casual-fashion.com/images/product/en/1450x1850/3/grey_striped_blouse_ladies_fidibus_stripe_opus_back_8038.jpg
dotted	http://lakshmintrance.com/wp-content/uploads/2013/03/Love-Culture-Dotted-Knit-Sweater.jpg
dotted	http://media-cache-ak0.pinimg.com/736x/c3/c8/64/c3c864fa88a3085a39bac6c5a0d4c020.jpg
leopard	http://img.auctiva.com/imgdata/2/2/7/4/3/8/webimg/686989815_o.jpg
striped	http://www.infinities.co.uk/images/products/zoom/1394188762-62915500.jpg
dotted	http://www.boutique1.com/media/catalog/product/cache/1/thumbnail/9df78eab33525d08d6e5fb8d27136e95/c/h/chip_cp92an_navy_f.jpg
leopard	http://img1.etsystatic.com/005/0/6428674/il_570xN.394545257_191o.jpg
striped	http://ep.yimg.com/ay/bestdressedchild/tf-laurence-by-eiseman-boys-red-navy-blue-green-yellow-striped-sweater-8.jpg
striped	http://www.maykool.com/media/catalog/product/cache/1/image/9df78eab33525d08d6e5fb8d27136e95/s/h/shirts-blouses-blue-white-vertical-stripe-long-sleeve-shirt-008962_4.jpg
dotted	https://img1.etsystatic.com/067/1/11030834/il_570xN.762303581_3xgh.jpg
striped	http://media.frenchconnection.com/ms/fcuk/763ZK_model/1537/1024/Tim-Tim-Striped-T-Shirt.jpg?lc=en-GB&lv=9&404=fcuk/763ZK.jpg
striped	http://www.julesb.com/images/hugo-boss-green-paddy-striped-polo-shirt-p775047-1457636_image.jpg
striped	http://media.finetuxedos.com/catalog/product/cache/1/image/9df78eab33525d08d6e5fb8d27136e95/s/t/striped-satin-amethyst-vest.jpg_2.png
leopard	http://www.gagatoo.com/238-967-thickbox/leopard-print-blouse-dress.jpg
dotted	https://www.amiclubwear.com/media/catalog/product/cache/1/image/9df78eab33525d08d6e5fb8d27136e95/c/l/clothing-sweater-ami88-093mustard_3.jpg
leopard	http://image8.oasap.com/o_img/2014/05/19/41109-237783-home/leopard-print-long-sleeve-shirts.jpg
striped	http://media-cache-ak0.pinimg.com/736x/4f/a2/50/4fa25043ead5b344a8a4b5aade724dc3.jpg
striped	http://hottopic.scene7.com/is/image/HotTopic/10422114_hi?$pdp_hero_standard$
striped	http://image.made-in-china.com/2f0j00VjntTIJKrGkF/Man-Striped-T-Shirt-Polo-Shirt.jpg
striped	http://www.vestsbycharlotte.com/images/big/vests/37D.jpg
dotted	http://images.jonbarrie.co.uk/images/products/zoom/1408636692-36984500.jpg
leopard	http://www.upscalehype.com/wp-content/uploads/2011/06/Givenchy-Leopard-Print-Vest.jpg
dotted	http://www.classycufflinksandmore.com/uploads/3/7/1/6/37164323/s904983422490202917_p411_i82_w1200.jpeg
dotted	http://www.chameleonmenswear.co.uk/images/products/medium/1317375378-89937700.jpg
dotted	http://media-cache-ec0.pinimg.com/736x/05/a7/39/05a7394425fad15fba0d055561cef82c.jpg
leopard	https://www.maykool.com/media/catalog/product/cache/1/image/9df78eab33525d08d6e5fb8d27136e95/s/h/shirts-blouses-leopard-print-chiffon-blouse-top-010683_1.jpg
leopard	http://media-cache-ak0.pinimg.com/736x/32/da/00/32da003f4250795edbff42aa87f73a0f.jpg
leopard	https://www.bowlingconcepts.com/media/catalog/product/cache/1/image/9df78eab33525d08d6e5fb8d27136e95/m/e/mens-black-leopard-print-panel-dice-buttons-ss-rockabilly-shirt.jpg
leopard	https://exploredreamdiscoversmile.files.wordpress.com/2012/11/leopard-blouse.jpeg
leopard	https://www.sixstaruniforms.com/images/stories/virtuemart/product/img_1302.jpg
leopard	http://jkhgroup.com/cheetahvest4.jpg
striped	http://www.infinities.co.uk/images/products/zoom/1365431766-36429300.jpg
dotted	http://www.polyvore.com/cgi/img-thing?.out=jpg&size=l&tid=34524156
striped	http://www.newgirlfashion.net/wp-content/uploads/2012/04/gap-striped-knit-sweater.jpg
leopard	http://www.maykool.com/media/catalog/product/cache/1/image/9df78eab33525d08d6e5fb8d27136e95/s/w/sweater-leopard-round-neck-long-sleeve-stylish-pullover-sweater-013645_2.jpg
striped	http://cdn.cichic.com/media/catalog/product/cache/1/image/5e06319eda06f020e43594a9c230972d/1/1/11136875217-1/multicolor-striped-print-short-sleeve-cotton-t-shirt.jpg
dotted	http://media-cache-ak0.pinimg.com/736x/23/e9/e3/23e9e3b03b3dca19332d9e38e177a858.jpg
dotted	http://static.shoplightspeed.com/shops/605060/files/001626966/polka-dot-puffer-vest.jpg
striped	http://image.made-in-china.com/2f0j00HZrajApJnPcU/Stripe-Polo-T-Shirt.jpg
striped	http://images.shirtsleeves.net/images/products/zoom/1365162146-06580200.jpg
dotted	http://g03.a.alicdn.com/kf/HTB1_WSKJXXXXXaBXXXXq6xXFXXXL/New-2015-High-Quality-Boys-Girls-Winter-Down-Vest-Coat-Polka-Dot-Hooded-Jakcets-For-Kids.jpg
dotted	http://s7ondemand1.scene7.com/is/image/Gymboree/140149344?$PRODMAINNEW$
striped	http://images.asos-media.com/inv/media/4/2/5/5/3905524/hybrisorangestripe/image1xxl.jpg
striped	http://images.repertoirefashion.co.uk/images/products/zoom/1366989378-02297300.jpg
dotted	http://cdn.cichic.com/media/catalog/product/cache/1/image/5e06319eda06f020e43594a9c230972d/1/1/11105175863-1/red-polka-dot-print-loose-v-neck-wool-sweater.jpg
dotted	https://www.classycufflinksandmore.com/uploads/3/7/1/6/37164323/s904983422490202917_p408_i80_w1500.jpeg
striped	http://gentlemansemporium.com/store/media/004306/004306_01.jpg
striped	http://media-cache-ak0.pinimg.com/736x/f1/78/87/f17887ce06571cc1c904361c7d3b4bb9.jpg
striped	http://media-cache-ec0.pinimg.com/736x/aa/a6/eb/aaa6eb7e4e220615481b32e2ff3c85d3.jpg
striped	http://www.fashionwofab.com/wp-content/uploads/2014/05/16/3/627-DemyLee-Amya-Cashmere-Striped-Sweater-for-Women-3.jpg
leopard	https://www.sixstaruniforms.com/images/stories/virtuemart/product/img_1308.jpg
leopard	http://mcdn.zulilyinc.com/images/cache/product/63917/zu6684171_main_tm1387570878.jpg
leopard	http://cdn4.lookastic.com/blue-leopard-dress-shirt/marc-by-marc-jacobs-london-leopard-sport-shirt-slim-fit-original-8988.jpg
dotted	http://www.filenesbasement.com/photos/product/giant/1618930S245355/-/size-medium.jpg
leopard	http://media-cache-ec0.pinimg.com/736x/67/ce/5c/67ce5cf723b9ce8ef01ba0c0c5524ecb.jpg
dotted	https://cdnc.lystit.com/520/650/n/photos/e668-2015/12/18/paul-smith-exclusive-blue-dotted-seersucker-shirt-product-0-425283326-normal.jpeg
striped	http://media-cache-ec0.pinimg.com/736x/e8/dc/cc/e8dccc0ca9f7145194de059057cac756.jpg
leopard	http://images.asos-media.com/inv/media/0/7/4/7/3027470/image3xxl.jpg
striped	http://ecdn1.shoptiques.net/products/ee55914d-7b97-45e0-9bbc-2edd5b7424ff_l.jpg
leopard	http://thumbnail.image.rakuten.co.jp/@0_mall/threewoodjapan/cabinet/666/leopard-vest.jpg
striped	http://d2a2wjuuf1c30f.cloudfront.net/product_photos/2805753/Striped_20blouse_201_original.jpg
dotted	http://media-cache-ec0.pinimg.com/736x/fc/41/85/fc41850548cf5c77181dbacd68bc8882.jpg
leopard	http://www.forever21.com/images/default_750/00085066-02.jpg
striped	http://www.melijoe.com/us/stella-mccartney-kids-t-shirts-p_z_52052_A.jpg
striped	https://www.gentlemansemporium.com/store/media/002027/002027_01.jpg
striped	http://media-cache-ak0.pinimg.com/736x/a1/b7/e0/a1b7e0cfa7d8c1c4c7392f2904a44ec9.jpg
dotted	http://images.asos-media.com/inv/media/7/8/6/0/4650687/greymarl/image1xxl.jpg
striped	http://discountgolfworld.com/content/puma/striped-sweater-vest-560943.jpg
striped	http://coolblackppt.com/wp-content/uploads/2014/01/Woman-tie-bow-collar-long-sleeve-striped-ruffle-blouse-black-white-xs.jpg
dotted	http://s3.thcdn.com/productimg/600/600/11134243-3224325172407112.jpg
leopard	http://media-cache-ec0.pinimg.com/736x/80/7e/82/807e822fb536e81025bd436515f2c265.jpg
leopard	http://www.upscalehype.com/wp-content/uploads/2012/06/Joyrich-Leopard-Star-t-shirt.jpg
leopard	http://peterglenn.com/sites/default/files/imagecache/product_1000x1000/product_images_new/82520_BLACK_LG.jpg
dotted	http://www.esquireclothing.com/images/products/verylarge/Large_Polka_Dot_Blue_TShirt_Native_Youth_Polka_Polo_1.jpg
striped	http://www.maykool.com/media/catalog/product/cache/1/image/9df78eab33525d08d6e5fb8d27136e95/t/-/t-shirt-black-white-horizontal-stripe-t-shirt-009138_2.jpg
leopard	http://picture-cdn.wheretoget.it/cwy5hp-i.jpg
leopard	http://www.childrensplace.com/wcsstore/GlobalSAS/images/tcp/products/900/2007814_488.jpg
dotted	http://media-cache-ec0.pinimg.com/736x/d8/c3/cf/d8c3cf92ef59ceeac48b26113e086a37.jpg
dotted	https://www.amiclubwear.com/media/catalog/product/cache/1/image/9df78eab33525d08d6e5fb8d27136e95/c/l/clothing-sweater-ami88-093mocha.jpg
dotted	http://media-cache-ak0.pinimg.com/736x/95/9e/bf/959ebf545d44c575b801183533e4d44f.jpg
striped	http://www.trendyblendy.com/spree/products/1391/product/fox1.jpg?1415000524
striped	http://www.emenfashion.com/wp-content/uploads/2012/05/Burberry-Prorsum-men-striped-crew-neck-t-shirt-1.jpg
dotted	http://ecx.images-amazon.com/images/I/514riGsNm3L.jpg
striped	http://ecdn2.shoptiques.net/products/think-closet-striped-sweater-dress-8b2ff41b_l.jpg
dotted	https://static.casual-fashion.com/images/product/en/1450x1850/3/blue_dotted_blouse_ladies_frinia_opus_back_6032.jpg
striped	https://cdnd.lystit.com/520/650/n/photos/3190-2015/09/23/izod-iron-heather-varsity-striped-sweater-product-0-532375741-normal.jpeg
striped	http://www.emenfashion.com/wp-content/uploads/2013/07/28/0/Saint-Laurent-Men-s-Oversized-Striped-Mohair-Blend-Sweater-49-1.jpg
striped	http://www.blueinc.co.uk/images/ripstop-boys-green-white-striped-polo-shirt-p21778-30076_image.jpg
leopard	http://www.gliks.com/Assets/ProductImages/LEOPARD-CARDIGAN-J9209PC132-FRONT.jpg
striped	http://e.gojane.com/118854-e-blue-2.jpg
leopard	http://www.polyvore.com/cgi/img-thing?.out=jpg&size=l&tid=4859503
striped	http://media-cache-ak0.pinimg.com/736x/9a/cc/1c/9acc1c12d9ede7ab4cd48dddc85a17fe.jpg
dotted	http://media-cache-ec0.pinimg.com/736x/b0/4c/1f/b04c1f863510f56a2d0c1a0868359700.jpg
leopard	http://g.nordstromimage.com/ImageGallery/store/product/Large/1/_5843061.jpg
dotted	http://img1.etsystatic.com/000/0/5488586/il_570xN.315675699.jpg
leopard	http://img1.etsystatic.com/001/0/5432997/il_570xN.357746111_k3qr.jpg
striped	http://www.newgirlfashion.net/wp-content/uploads/2012/02/revolve-clothing-shoshanna-striped-caroline-mariniere-stripe-sweater-in-tomato-multi.jpg
leopard	http://myhellofalife.com/wordpress/wp-content/uploads/2013/04/Leopard_Polo_Orange_1366231968_1366334469.jpg
striped	http://www.thecostumer.com/images/Product/medium/19393.jpg
dotted	http://media-cache-ec0.pinimg.com/736x/a1/eb/de/a1ebdeacf4cd5db2ddf416dad00f23da.jpg
striped	http://www.flatsevenshop.com/3820-flatseven_cloudzoom_big/men-s-slim-fit-5-button-single-vertical-striped-vest-waistcoat-ve472.jpg
striped	http://i03.hsncdn.com/is/image/HomeShoppingNetwork/prodfull/dg2-by-diane-gilman-quad-blend-striped-sweater-d-2015102214045946~440628_FE0.jpg
leopard	http://g02.a.alicdn.com/kf/HTB1AcLvIFXXXXa1XVXXq6xXFXXXv/Blusas-Femininas-Women-Blouse-Ladies-Sexy-Long-Sleeve-Leopard-Print-Chiffon-Blouses-Blusas-Tops-Shirt-For.jpg
dotted	http://www.jonathantrumbull.co.uk/images/navy-polka-dot-20013-shirt-p52476-61418_zoom.jpg
striped	https://cdnd.lystit.com/photos/2012/02/10/theory-green-striped-silk-blouse-product-1-2877409-546380835.jpeg
striped	https://cdnb.lystit.com/photos/2013/12/07/tommy-hilfiger-luminous-yellow-burch-striped-polo-shirt-product-1-15978329-558852828.jpeg
dotted	http://cdn.cichic.com/media/catalog/product/cache/1/image/5e06319eda06f020e43594a9c230972d/1/1/11126875201-1/black-polka-dot-print-sleevel-ess-thin-chiffon-vest.jpg
leopard	http://www.morganclare.co.uk/images/products/zoom/1377083245-94829000.jpg
dotted	http://media-cache-ak0.pinimg.com/736x/d8/57/b8/d857b8b077ff00ba50ebdb11fa742183.jpg
leopard	http://i.ebayimg.com/00/s/NjAwWDU4MA==/z/xkEAAOxyrrpTgtNR/$_35.JPG
striped	http://i00.i.aliimg.com/wsphoto/v0/32288344220_1/2015-New-Brand-font-b-Men-s-b-font-Fashion-font-b-Polo-b-font-font.jpg
striped	http://www.wacoz.com/wp-content/uploads/2014/10/52-MNG-by-Mango-Long-Sleeve-Striped-Blouse-for-Women-1.jpg
leopard	http://www.lindybop.co.uk/images/matilda-leopard-print-shirt-dress-p2084-14766_zoom.jpg
striped	http://www.bumpinghanger.com/wp-content/uploads/2014/02/Orange-+-White-Striped-Sweater.jpg
striped	http://jkhgroup.com/NYCLSRW2013.jpg
striped	https://img1.etsystatic.com/000/0/6206517/il_fullxfull.303247907.jpg
striped	http://gentlemansemporium.com/store/media/004307/004307_01.jpg
striped	http://media.kohls.com.edgesuite.net/is/image/kohls/1870182_Stripe_Peacoat?wid=800&hei=800&op_sharpen=1
striped	https://static.casual-fashion.com/images/product/en/1450x1850/3/blue_striped_blouse_ladies_fayth_stripe_opus_back_6032.jpg
leopard	http://d111vui60acwyt.cloudfront.net/product_photos/2658727/leopard_print_chiffon_t-shirt__black_or_grey__3_original.jpg
striped	http://www.coes.co.uk/prodimg/G03232SKY_1_Zoom.jpg
striped	http://image.made-in-china.com/2f0j00mehaOAJyDFqZ/Striped-T-Shirt-1115242-.jpg
dotted	http://images.bloomingdales.com/is/image/BLM/products/5/optimized/8043575_fpx.tif?wid=1200&qlt=90,0&layer=comp&op_sharpen=0&resMode=sharp2&op_usm=0.7,1.0,0.5,0&fmt=jpeg
striped	http://www.schooltogs.com/image/cache/data/RedWhite%20Striped%20Blouse-800x600.JPG
striped	https://cdna.lystit.com/photos/cb29-2015/07/31/red-valentino-black-striped-sweater-top-flared-dress-product-0-471084281-normal.jpeg
leopard	http://img1.etsystatic.com/005/0/6774073/il_fullxfull.390297113_co76.jpg
striped	http://media.frenchconnection.com/ms/fcuk/56BBR_model/1537/1024/Loose-Weave-Striped-T-Shirt.jpg?lc=en-GB&lv=9&404=fcuk/56BBR.jpg
dotted	http://julesb.com/images/fred-perry-slim-fit-polka-dot-polo-shirt-p801430-1899923_zoom.jpg
striped	https://www.sixstaruniforms.com/images/stories/virtuemart/product/img_2716.jpg
dotted	http://media-cache-ak0.pinimg.com/736x/09/2d/e8/092de85d8fa568dc0f0d3b65df3de853.jpg
leopard	https://m1.behance.net/rendition/modules/27463503/disp/e4b78ed499f51fd72f70c7720a70f3a0.jpg
leopard	http://www.blueinc.co.uk/images/twisted-soul-mens-blue-leopard-denim-short-sleeve-shirt-p20304-22161_zoom.jpg
leopard	http://thumbnail.image.rakuten.co.jp/@0_mall/tonneau/cabinet/supreme/03216741/img64476379.jpg?_ex=330x330
dotted	https://cdnc.lystit.com/photos/aad3-2015/12/02/kensie-black-combo-leopard-dot-turtleneck-black-product-1-258270146-normal.jpeg
leopard	http://www.forever21.com/images/default_750/00116814-02.jpg
striped	http://www.infinities.co.uk/images/products/zoom/1365597219-01368200.jpg
leopard	http://cdn-images.farfetch.com/10/96/04/90/10960490_4660570_322.jpg
leopard	http://media-cache-ec0.pinimg.com/736x/24/66/2d/24662df6d6d44a3bb884e2f4f18ade0e.jpg
dotted	http://www.county-golf.co.uk/uploads/images/xl/fm_2011_05_09_04_14_41_21176.jpg
leopard	http://www.maykool.com/media/catalog/product/cache/1/image/9df78eab33525d08d6e5fb8d27136e95/s/h/shirts-blouses-leopard-print-long-sleeve-tied-shirt-008323_1.jpg
leopard	https://i.s-jcrew.com/is/image/jcrew/48474_WA2016_m?$pdp_fs418$
dotted	http://portobellojewelry.com/blog/wp-content/uploads/2014/01/Olivia-Palermo.jpg
striped	http://ecdn1.shoptiques.net/products/j-o-a--navy-striped-sweater-1-blue-90e2b615_l.jpg
striped	http://media-cache-ec0.pinimg.com/736x/94/28/54/942854577d78bdc0443aa62778c02578.jpg
leopard	http://cdn.cichic.com/media/catalog/product/cache/1/image/5e06319eda06f020e43594a9c230972d/1/1/11175976460-1/multicolor-leopard-print-chiffon-blouse.jpg
leopard	http://media-cache-ec0.pinimg.com/736x/ac/06/96/ac069681dc185554af404963784235db.jpg
leopard	http://urbansapes.com/media/catalog/product/cache/1/image/1200x1200/9df78eab33525d08d6e5fb8d27136e95/l/e/leopard-print-3d-t-shirt-for-women-black-sleeves-w14122-06.jpg
dotted	http://i5.walmartimages.com/dfw/dce07b8c-ff9e/k2-_58fd9659-598f-4c35-889e-bfad33049e31.v1.jpg
leopard	http://alexnld.com/wp-content/uploads/2015/04/4504.jpg
dotted	https://cdn.lookastic.com/black-and-white-polka-dot-waistcoat/asos-brand-slim-fit-vest-in-polka-dot-original-197250.jpg
striped	http://gentlemansemporium.com/store/media/004307/004307_02.jpg
striped	http://4.bp.blogspot.com/-ucWy9oawizY/UuPMvxbeG6I/AAAAAAAADzM/fgt5fIkkWqQ/s1600/IMG_1155.JPG
dotted	http://www.forever21.com/images/default_750/00134593-02.jpg
striped	http://www.forever21.com/images/default_750/00120615-02.jpg
leopard	http://www.profilefashion.com/media/catalog/product/cache/2/image/800x/9df78eab33525d08d6e5fb8d27136e95/1/c/1c_65_3/dolce-&-gabbana-beige-&-brown-cashmere-leopard-print-sweater.jpg
striped	http://d1x7zurbps6occ.cloudfront.net/ebayus/main/xlg238722.jpg
striped	http://images.repertoirefashion.co.uk/images/products/zoom/1395917190-05210300.jpg
dotted	http://img0.etsystatic.com/014/0/7911163/il_570xN.463191402_rbgq.jpg
striped	http://aoope.com/wp-content/uploads/2013/09/16/6/1621-Lucien-Pellat-Finet-women-s-striped-sweater-1.jpg
striped	http://i3.stycdn.net/images/2012/07/28/article/kt10/kt10b02904/selected-dave-stripe-t-shirt-gruen-weiss-gestreift-1650.jpg
dotted	http://images.jonbarrie.co.uk/images/products/zoom/1380802597-50663900.jpg
striped	http://www.polyvore.com/cgi/img-thing?.out=jpg&size=l&tid=132197352
leopard	http://media-cache-ak0.pinimg.com/736x/de/66/a7/de66a7a1d4c77a93c290e329e428a703.jpg
leopard	https://i.s-jcrew.com/is/image/jcrew/E2314_BL8133_m?$pdp_fs418$
dotted	http://www.emformarvelous.com/wp-content/uploads/2012/07/navy-and-white-dotted-blouse1.jpg
striped	http://www.putinstyle.com/wp-content/uploads/striped-shirts.jpg
leopard	http://g02.a.alicdn.com/kf/HTB1nS4pIXXXXXXxXVXXq6xXFXXXW/2014-High-Quality-Women-s-Leopard-Print-Blouse-Sexy-Printed-Blouse-for-Women.jpg
striped	http://images.shirtsleeves.net/images/products/zoom/1369214209-43547600.jpg
striped	http://www.80scasualclassics.co.uk/images/ellesse-elite-striped-polo-shirt-navy-p269-42116_image.jpg
striped	http://www.maykool.com/media/catalog/product/cache/1/image/9df78eab33525d08d6e5fb8d27136e95/s/h/shirts-blouses-deep-v-neck-long-sleeves-striped-blouse-003866.jpg
dotted	https://img1.etsystatic.com/059/0/5522279/il_570xN.685761661_nroj.jpg
leopard	http://s7.jcrew.com/is/image/jcrew/94198_SP5011?$pdp_fs418$
striped	http://www.gibbsmenswear.co.uk/images/gant-gant-2-ply-90s-mixer-banker-striped-shirt-p218-850_zoom.jpg
striped	http://cdn.shopify.com/s/files/1/0235/7109/products/T304006_1024x1024.jpg?v=1373008730
leopard	http://www.misssugarlondon.com/images/products/1373465833-80352100.jpg
striped	http://media-cache-ec0.pinimg.com/736x/e1/49/d2/e149d26c8dae3f6c86a3d41330ea7fca.jpg
dotted	http://themefienddemos.com/marina/product_images/dotted-shirt.jpg
dotted	http://media-cache-ec0.pinimg.com/736x/d8/bb/c7/d8bbc799996ac2ea4d4fafdfb814de69.jpg
striped	http://www.blueinc.co.uk/images/smith-jones-mens-blue-white-striped-polo-shirt-p20561-22943_image.jpg
striped	http://images.garmentory.com/images/76218/large/Niles-Striped-Vest-20150831172703.jpg?1441042025
striped	https://s-media-cache-ak0.pinimg.com/736x/ac/3f/8a/ac3f8aee9211f75e4b45e9bc18cc9227.jpg
dotted	http://image6.oasap.com/o_img/2014/06/19/42643-252869-big/sweet-polka-dot-chiffon-blouse.jpg
dotted	https://www.sixstaruniforms.com/images/stories/virtuemart/product/img_2697.jpg
leopard	http://alexnld.com/wp-content/uploads/2015/10/SKU20473111.jpg
striped	http://media-cache-ec0.pinimg.com/736x/2d/70/54/2d705493265a7f20b0a408c31b698c71.jpg
striped	http://www.everythingstripes.com/wp-content/uploads/2013/04/Long-Sleeve-Chiffon-No-Button-Stripes-Lapel-Tops-Blouse-T-Shirt.jpg
leopard	http://www.polyvore.com/cgi/img-thing?.out=jpg&size=l&tid=76392269
dotted	http://media-cache-ak0.pinimg.com/736x/4e/93/e8/4e93e8f821881a6de092825b2ba7938d.jpg
leopard	http://img1.etsystatic.com/020/0/5501606/il_570xN.491227767_mdvh.jpg
leopard	http://www.hervia.com/images/products/zoom/1360926744-39535900.jpg
dotted	http://www.esquireclothing.com/images/products/verylarge/Large_Polka_Dot_Blue_TShirt_Native_Youth_Polka_Polo_7.jpg
leopard	http://images.asos-media.com/inv/media/9/3/8/0/3500839/brown/image1xxl.jpg
dotted	http://media-cache-ec0.pinimg.com/736x/9c/3e/05/9c3e058a5cdb4f99af9fe726beb31136.jpg
leopard	http://img1.etsystatic.com/000/0/6315821/il_570xN.317931071.jpg
leopard	http://www.tuxedosdirect.com/image/cache/data/056586-600x600.jpg
dotted	http://media-cache-ec0.pinimg.com/736x/6d/fd/d4/6dfdd45595e0494b5d771f5c9e43db1f.jpg
leopard	http://ak1.ostkcdn.com/images/products/L12056282.jpg
leopard	http://www.parlourx.com/media/catalog/product/cache/1/image/9df78eab33525d08d6e5fb8d27136e95/c/h/chloe-leopard-shirt.jpg
striped	http://images.witt-international.co.uk/is/image/OttoUK/cloudzoom/Classic-Striped-Blouse~H35979FRSP.jpg
striped	http://www.nmwilliams.co.uk/media/catalog/product/cache/1/image/9df78eab33525d08d6e5fb8d27136e95/l/h/lh_135_white_with_blue_stripe_ss_blouse.jpg
striped	http://www.upscalehype.com/wp-content/uploads/2011/04/Comme-Des-Garcons-Navy-Striped-Sweater.jpg
leopard	http://g02.a.alicdn.com/kf/HTB1UF09JpXXXXXJXpXXq6xXFXXXj/-Ada-Clothing-Factory-2015-Women-men-s-Sleeveless-3D-t-shirts-Vest-White-Leopard-Tiger.jpg
leopard	http://www.wholesale7.net/images/201304/goods_img/85270_P_1367113550646.jpg
dotted	http://a2.img.bidorbuy.co.za/image/upload/user_images/259/2067259/2067259_131215105911_1.jpg
striped	http://www.eclothstyle.com/wp-content/uploads/2014/03/10/1/410-Pippa-women-s-teal-and-black-stripe-silk-long-sleeve-blouse-1.jpg
striped	http://www.atticclothing.com/images/products/zoom/1338894146-07235200.jpg
dotted	http://img.romwe.com/images/romwe.com/201509/1443491920879156190.jpg
striped	http://images.repertoirefashion.co.uk/images/products/zoom/1366041455-54548600.jpg
dotted	http://starstyle.lv/imimg/Bluzka_z_kolnierzem_i_dekoltem_w_litere_V_lezki_B57.jpg
leopard	http://g02.a.alicdn.com/kf/HTB1wljTIpXXXXXNaXXXq6xXFXXXn/New-Women-Hollow-Leopard-Blouse-Ladies-Sexy-Sleeveless-Leopard-Print-Chiffon-Woman-Blouses-Blusas-Femininas-2015.jpg
dotted	http://www.mattlamoda.com/wp-content/uploads/2016/07/3195-79311-27.jpg
dotted	http://www.chameleonmenswear.co.uk/images/products/zoom/1366101462-21861000.jpg
striped	http://i04.hsncdn.com/is/image/HomeShoppingNetwork/prodfull/dg2-by-diane-gilman-striped-sweater-d-2014082810180834~362687_022.jpg
dotted	http://www.theshirtstore.co.uk/images/claudio-lugli-white-polka-dot-mens-shirt-p885-12447_image.jpg
dotted	http://cdn3.lookastic.com/black-and-white-polka-dot-crew-neck-sweater/dex-polka-dotted-cropped-knit-sweater-original-84316.jpg
leopard	http://images.diffusiononline.co.uk/images/products/zoom/1378735707-04606300.jpg
leopard	http://www.tuxedosdirect.com/image/cache/data/059317-600x600.jpg
striped	http://cdn.cichic.com/media/catalog/product/cache/1/image/5e06319eda06f020e43594a9c230972d/1/1/11125475489-1/orange-striped-print-wrap-vest.jpg
dotted	https://i.s-jcrew.com/is/image/jcrew/11352_WE0864_m?$pdp_fs418$
striped	http://media-cache-ec0.pinimg.com/736x/8c/d2/65/8cd265b08624bd2486e062ac8979baae.jpg
striped	https://cdnc.lystit.com/1200/630/tr/photos/4974-2016/01/31/wendy-bellissimo-grey-maternity-striped-blouse-gray-product-0-916693795-normal.jpeg
striped	https://cdna.lystit.com/1200/630/tr/photos/e913-2016/03/12/sanctuary-laundry-stripe-striped-blouse-product-0-530542260-normal.jpeg
striped	http://media-cache-ec0.pinimg.com/736x/ac/7e/30/ac7e306433a98729786605f0057cba30.jpg
leopard	http://www.tamstreasuresonline.co.uk/ekmps/shops/tamstreasures/images/snow-leopard-portrait-t-shirt-[2]-11336-p.jpg
striped	http://www.faabbee.com/wp-content/uploads/2014/09/02/5/1266-360-Sweater-Darby-Striped-Sweater-for-Women-2.jpg
striped	http://img.sheinside.com/images/sheinside.com/201301/1358148222111891090.jpg
dotted	https://img0.etsystatic.com/042/0/5475614/il_fullxfull.654369754_1vfa.jpg
striped	http://jkhgroup.com/NYClongsleeveblackcharcoal.jpg
striped	http://image.made-in-china.com/2f0j00cBDThZmagCrt/Striped-Polo-Shirt-MYP0042-.jpg
striped	https://www.sixstaruniforms.com/images/stories/virtuemart/product/men_striped_vest.jpg
dotted	http://richmedia.channeladvisor.com/ImageDelivery/imageService?profileId=52000652&itemID=326399&swatchID=6600&recipeName=pdlg488x600
dotted	https://dyn4.tailorstore.com/OTAwfHw5MHxmZmZmZmY,/images/catalog/mens-shirt-villablino-white-430.jpg
dotted	http://images.shirtsleeves.net/images/products/zoom/1358207341-67731200.jpg
striped	http://s7.jcrew.com/is/image/jcrew/02727_WP0654_m?$pdp_fs418$
leopard	http://hypebeast.com/image/2013/09/black-sense-x-deluxe-2013-fall-winter-leopard-pattern-down-vest-0.jpg
striped	http://www.saxonuniform.com/stagewear/pix/reversable%20vest%20striped%20side
striped	http://picture-cdn.wheretoget.it/3w2ybp-l.jpg
dotted	http://cdn5.lookastic.com/white-and-black-polka-dot-tank/proenza-schouler-embroidered-dotted-vest-original-141310.jpg
striped	http://media-cache-ec0.pinimg.com/736x/ff/d2/73/ffd273878bad1495f2b6ae0220d44aff.jpg
striped	http://images.asos-media.com/inv/media/6/9/0/4/4614096/neutral/image1xxl.jpg
dotted	http://www.theshirtstore.co.uk/images/claudio-lugli-navy-polka-dot-mens-shirt-p661-7855_image.jpg
striped	http://www.daacloth.com/wp-content/uploads/2014/05/15/4/1153-Central-Park-West-Astor-Court-Striped-Sweater-for-Women-1.jpg
striped	http://i.ebayimg.com/t/New-Mens-T-Shirts-Striped-Color-Casual-Shirt-Long-Sleeve-Crew-Neck-Top-Man-Tee-/00/s/NzcwWDcxMQ==/$(KGrHqF,!jMFC1tkFgqbBQvvhT81CQ~~60_3.JPG
dotted	http://media-cache-ak0.pinimg.com/736x/52/7d/5b/527d5b6894b7c61c528f3d56de008366.jpg
striped	http://dpegb9ebondhq.cloudfront.net/product_photos/2805754/Striped_20blouse_202_original.jpg
dotted	http://media1.rankandstyle.com/products/l/loft-polka-dot-quilted-puffer-vest-quilted-ves.jpg
striped	http://www.triads.co.uk/images/products/zoom/1381324596-73436600.jpg
striped	http://images.swerve.co.uk/images/products/zoom/1378730288-88158700.jpg
leopard	http://www.lindybop.co.uk/images/matilda-leopard-print-shirt-dress-p2084-14765_zoom.jpg
striped	http://jkhgroup.com/barbershopvestFM70161.jpg
dotted	http://media-cache-ak0.pinimg.com/736x/d7/db/28/d7db286cd5d687fbee6c1c929a934578.jpg
leopard	http://www.ddtexasoutfitters.com/prodimages/95115-DEFAULT-l.jpg
dotted	http://www.theshirtstore.co.uk/images/claudio-lugli-mens-dotted-jacquard-knit-polo-t-shirt-p1121-15536_image.jpg
striped	http://cdn.cichic.com/media/catalog/product/cache/1/image/5e06319eda06f020e43594a9c230972d/1/1/11177475711-1/black-striped-print-polo-neck-chiffon-blouse.jpg
leopard	http://media-cache-ak0.pinimg.com/736x/92/2a/14/922a146b1647bb09e532708af7422c4a.jpg
dotted	https://cdnb.lystit.com/520/650/n/photos/412d-2016/01/12/foxcroft-navy-dotted-dobby-stripe-shirt-blue-product-0-405492331-normal.jpeg
striped	http://www.landaustore.co.uk/images/fashion%20clothing/superdry/mens/superdry-mens-superdry-mens-striped-pique-polo-shirt-navy-pink-37116.jpg
striped	http://www.yourscontent.co.uk/Images/ProductImages/d07a1b26-805e-4364-8a67-b5dfd153bf66.jpg
leopard	http://g02.a.alicdn.com/kf/HTB1hRinIFXXXXXEXXXXq6xXFXXXd/new-lady-long-sleeve-blouses-tops-loose-leopard-print-blouse-shirt-top-women-leopard-print-chiffon.jpg
striped	http://www.flatsevenshop.com/3821-flatseven_cloudzoom_big/men-s-slim-fit-5-button-single-vertical-striped-vest-waistcoat-ve472.jpg
striped	http://www.brother2brother.co.uk/images/armani-jeans-armani-jeans-blue-striped-long-sleeve-shirt-p1333-3158_image.jpg
dotted	http://images.asos-media.com/inv/media/0/2/4/5/3585420/charcoal/image1xxl.jpg
striped	https://img0.etsystatic.com/052/0/6071918/il_fullxfull.668581150_prbz.jpg
dotted	http://media-cache-ec0.pinimg.com/736x/66/ac/2f/66ac2ff441303c904a6a8708a0dfc14c.jpg
leopard	http://www.hidesofafrica.com/wp-content/uploads/2013/01/Leopard-print-vest.jpg
striped	http://www.gibbsmenswear.co.uk/images/lacoste-striped-polo-shirt-with-contrast-placket-p424-1552_zoom.jpg
leopard	http://yizzam.com.s3-website-us-west-2.amazonaws.com/images/overlays/AnimalShirtsUSA/1401010292_1411010292_1403010292-ComboMWK-Leopard_Skin_2014_mens_side.jpg
leopard	http://picture-cdn.wheretoget.it/lrwx3j-l-610x610-shirt-sweater-leopard-print-grey-black-beige-necklace-glasses.jpg
striped	http://cdn.cichic.com/media/catalog/product/cache/1/image/5e06319eda06f020e43594a9c230972d/1/1/11175975528-1/black-striped-irregular-long-sleeve-cotton-blend-blouse.jpg
leopard	http://img1.etsystatic.com/000/0/6018014/il_570xN.292767809.jpg
striped	http://richmedia.channeladvisor.com/ImageDelivery/imageService?profileId=52000652&itemID=320271&swatchID=6600&recipeName=pdlg488x600
dotted	https://www.scottsdalegolf.co.uk/uploads/jlSS16-bespoken-dottedpolo-1-25116.jpg
dotted	http://gloimg.rosewholesale.com/ROSE/2014/201403/source-img/1394423974635-P-1538478.jpg?01
striped	http://www.gibbsmenswear.co.uk/images/gant-breton-stripe-crew-neck-t-shirt-p231-879_zoom.jpg
leopard	http://www.forever21.com/images/default_750/00072453-02.jpg
striped	http://evanwebsterink.com/wp-content/uploads/2014/01/Anvil-Ladies-Striped-V-Neck-T-Shirt-8823-navy-white.jpg
leopard	http://cdn.shopify.com/s/files/1/0332/9533/products/saintlaurent-024a_1024x1024.jpg?v=1428942783
striped	http://www.weddingcentre-wi.com/shopsite_sc/media/formalwear/fifth-avenue-vests/striped-satin-colors/black-striped-satin-full-back-vest-crop-large.jpg
striped	https://cdnc.lystit.com/1200/630/tr/photos/2013/04/12/sacai-navy-embellished-striped-vest-top-product-1-7778058-186181037.jpeg
dotted	http://media-cache-ak0.pinimg.com/736x/67/8d/81/678d8145e2b973b4a293f9af4743afa3.jpg
dotted	https://i5.walmartimages.com/asr/74ac06c1-4815-4d61-a750-55bc799b7424_1.6d6806c1de12dd31f839f0bd6d58cec7.jpeg?odnHeight=450&odnWidth=450&odnBg=FFFFFF
dotted	http://i5.walmartimages.com/dfw/dce07b8c-cffa/k2-_0224a796-cc93-4b79-bf2f-843a545f60c5.v1.jpg
dotted	http://media-cache-ak0.pinimg.com/736x/dc/50/ab/dc50abc31424fbde0e17636e5e2e590a.jpg
dotted	https://cdnb.lystit.com/520/650/n/photos/f99c-2016/01/05/ann-taylor-winter-white-dotted-silk-blouse-white-product-1-294530477-normal.jpeg
striped	http://streetwearmuse.com/image/cache/data/AAPE/Tshirts/aape-stripe-camo-pocket-t-shirt-navy-white-2-900x900.jpg
striped	http://www.gibbsmenswear.co.uk/images/lacoste-striped-polo-shirt-p1329-4990_image.jpg
striped	http://media.frenchconnection.com/ms/fcuk/56QZT_model/1537/1024/Jacquard-Stripe-Polo-Shirt.jpg?lc=en-GB&lv=9&404=fcuk/56QZT.jpg
dotted	http://www.modone.co.uk/3847-thickbox_default/relco-polka-dot-shirt.jpg
dotted	https://cdna.lystit.com/photos/2013/02/15/jlindeberg-blue-dark-blue-vern-dotted-cotton-sweater-product-1-6395977-893567772.jpeg
dotted	http://www.dresshead.com/images/Polka%20Dot%20Sweaters/600002/600002.jpg
dotted	http://alexnld.com/wp-content/uploads/2015/03/Women-Fashion-Nifty-Panda-Hat-Polka-Dot-Vest-_nologo_600x600.jpg
leopard	http://www.wholesalermart.com/images/tops/0305/1597-wholesale-tops-double-take-leopard-blouse.jpg
dotted	https://i1.adis.ws/i/jpl/jd_038130_a?qlt=60&w=656&h=656&v=1
striped	http://c5b3f0c446e483cd9ce4-a0432779940cb0958ebff713d9a333fb.r3.cf2.rackcdn.com/product-hugerect-117899-48054-1369258258-cae24b93af397b41424485db1a559c35.jpg
leopard	http://www.polyvore.com/cgi/img-thing?.out=jpg&size=l&tid=74980914
striped	http://media-cache-ec0.pinimg.com/736x/61/a8/c4/61a8c4841e8a27d694a4a87f5faa6529.jpg
striped	http://picture-cdn.wheretoget.it/da0nyc-i.jpg
striped	http://www.silversense.co.uk/media/catalog/product/cache/1/image/9df78eab33525d08d6e5fb8d27136e95/1/9/1971-15-back.jpg
leopard	http://www.maykool.com/media/catalog/product/cache/1/image/9df78eab33525d08d6e5fb8d27136e95/s/h/shirts-blouses-leopard-print-sleeveless-tuxedos-hem-shirt-003882_1.jpg
leopard	http://img1.etsystatic.com/006/0/5811552/il_570xN.374250763_qab9.jpg
striped	http://cdn.cichic.com/media/catalog/product/cache/1/image/5e06319eda06f020e43594a9c230972d/1/1/11177275311-1/blue-striped-falbala-round-neck-cotton-blend-blouse.jpg
striped	https://s7.jcrew.com/is/image/jcrew/02904_WP0654?$pdp_fs418$
striped	http://www.realliferunway.com/storage/Striped-Cable-Sweater-Gap-64ninetyfive.jpg?__SQUARESPACE_CACHEVERSION=1319573574093
striped	https://www.blueinc.co.uk/images/ripstop-boys-green-white-striped-polo-shirt-p21778-30077_zoom.jpg
striped	http://www.frogline.co.uk/image/cache/data/Products/KIDS/Boys%202-14%20Years/Tops2/03-082-BLUE-4-5y-R_web-900x900.jpg
striped	http://bolerojacketsandshrugs.com/images/products/detail/Blackandwhitestripedwomensvest.JPG
striped	https://cdnb.lystit.com/520/650/n/photos/7292-2016/01/28/polo-ralph-lauren-green-striped-polo-shirt-product-0-808293911-normal.jpeg
dotted	http://g02.a.alicdn.com/kf/HTB13cjUKpXXXXX3XFXXq6xXFXXXz/Baby-Girls-Dots-Vest-Adorable-Infant-Bebe-Dots-font-b-Camisole-b-font-Summer-Tops-Tees.jpg
leopard	http://www.dear-lover.com/productpic/2013-07-29-11/2013072911340870894646.jpg
striped	http://www.dofabstyle.com/wp-content/uploads/2014/05/15/0/43-SHAE-Striped-Sweater-for-Women-3.jpg
leopard	http://media-cache-ak0.pinimg.com/736x/10/9a/f0/109af04501c2a4f8c5c3837f4cc4effb.jpg
dotted	http://lgcdn.amiclubwear.com/media/catalog/product/cache/1/image/9df78eab33525d08d6e5fb8d27136e95/c/l/clothing-sweater-ami88-093royalblue.jpg
striped	http://images.evo.com/imgp/1500/54695/267748/vans-basic-stripe-v-neck-t-shirt-women-s-onyx.jpg
striped	http://images.psyche.co.uk/images/striped-lace-detail-t-shirt-p9685-280565_image.jpg
leopard	http://cdn.cichic.com/media/catalog/product/cache/1/image/5e06319eda06f020e43594a9c230972d/1/1/11175275219-1/leopard-pleated-swallowtail-hem-sleeveless-cotton-blend-blouse.jpg
dotted	http://media-cache-ec0.pinimg.com/736x/43/91/98/43919856c10f312956b398760cd332db.jpg
dotted	http://media-cache-ec0.pinimg.com/736x/b3/0e/2b/b30e2b5af5cf7fb05114f4a58f06a022.jpg
leopard	http://www.teesnthings.com/productimages/animal/wildlife-t-shirts/leopard-t-shirts/jaguar-woods-tee-shirt-detail.jpg
striped	http://www.blueinc.co.uk/images/industrialize-mens-navy-aztec-stripe-t-shirt-p20033-20970_image.jpg
dotted	http://media-cache-ec0.pinimg.com/736x/39/7d/06/397d06faaa86efb1140fcb4fe73444df.jpg
dotted	https://cdnb.lystit.com/1200/630/tr/photos/d8b9-2016/01/19/scotch-soda-blue-dot-embroidery-pique-polo-shirt-product-1-260544285-normal.jpeg
dotted	https://www.scottsdalegolf.co.uk/uploads/jlSS16-bespoken-dottedpolo-2-25116.jpg
striped	http://cdn.cichic.com/media/catalog/product/cache/1/image/5e06319eda06f020e43594a9c230972d/1/1/11175475790-1/blue-striped-print-pockets-long-sleeve-chiffon-blouse.jpg
dotted	http://media-cache-ec0.pinimg.com/736x/8b/32/9a/8b329a9bcd713eb569ec5e05c4168db6.jpg
dotted	http://1.bp.blogspot.com/-zIbfFRVlJEE/TyBDtPmiI_I/AAAAAAAAC8s/TZb55DAa0mA/s1600/polka-dots-blouse.jpg
striped	http://files.nichollsonline.co.uk/images/products/zoom/1390575866-49228500.jpg
leopard	http://media-cache-ak0.pinimg.com/736x/65/19/5f/65195fec229182dd13a389deffba36b8.jpg
dotted	http://www.footasylum.com/images/products/large/098693.jpg
leopard	https://img0.etsystatic.com/022/0/6979198/il_570xN.533906642_nqlc.jpg
striped	http://media.tumblr.com/tumblr_liwewovdwg1qa2x9a.jpg
striped	http://media.topshop.com/wcsstore/TopShop/images/catalog/TS13U21KBLE_Zoom_M_1.jpg
dotted	http://www.theshirtstore.co.uk/images/claudio-lugli-mens-dotted-jacquard-knit-polo-t-shirt-p1121-15531_image.jpg
striped	http://cdn2.picvpicimg.com/pics/11309423/white-slash-black-forever21-sheer-striped-blouse-screen.jpg
striped	http://cdn.fluidretail.net/customers/c1500/S43404/generated/S43404_018_A_1000x1000.jpg
striped	http://media.laredoute.com/products/1200by1200/35/00/16/350016099_0_PR_1_3860703.jpg
leopard	https://image.spreadshirtmedia.com/image-server/v1/compositions/14051998T110A1PC122550890PA177PT17X0Y32S50/views/2,width=300,height=300,appearanceId=1,version=1465297176/leopard-pattern-marijuana-leaf-t-shirts-men-s-polo-shirt.jpg
striped	https://www.sixstaruniforms.com/images/stories/virtuemart/product/img_27213.jpg
dotted	http://media-cache-ak0.pinimg.com/736x/29/b0/65/29b0654d87b77b188f2ad6a202bd6e0c.jpg
dotted	http://www.jarrold.co.uk/userdata/root/images/products/gant/60/432533-indigobl-f.jpg
striped	http://img.sheinside.com/images/sheinside.com/201403/1393922081440674397.jpg
dotted	http://www.ahbm.co.uk/images/large/Michael%20Kors/Blouses%20548Michael%20Kors%20Blouses%20Black%20Michael%20Kors%20Dotted%20Print%20Blouse_2_LRG.jpg
leopard	http://media-cache-ec0.pinimg.com/736x/0d/44/10/0d4410a533907bab69441f8498dec840.jpg
striped	http://img.sheinside.com/images/sheinside.com/201401/1389257215878460332.jpg
leopard	http://www.divas-club.de/bilder/produkte/gross/SEXY-RUNDHALS-LANGARM-SHIRT-LEOPARD-OPTIK-LEO-BEIGE_b4.jpg
striped	http://www.525america.com/Images/ProductFull/24337-3-a/striped-pullover-sweater.jpg
striped	http://images.repertoirefashion.co.uk/images/products/zoom/1394799226-00321800.jpg
dotted	http://st.mngbcn.com/rcs/pics/static/T4/fotos/S6/43040020_99.jpg
striped	http://media-cache-ak0.pinimg.com/736x/c9/d3/c7/c9d3c7f7927c65a2d294a3c0a079dc9f.jpg
striped	https://s-media-cache-ak0.pinimg.com/736x/ee/e5/5c/eee55c3722d0f35ba2624790408e76f8.jpg
leopard	https://shard2.1stdibs.us.com/archivesE/jewelry/upload/306/626/306_1376263290_6.jpg
leopard	http://www.triads.co.uk/images/products/zoom/1409760598-50000600.jpg
leopard	https://a.1stdibscdn.com/archivesE/jewelry/upload/58/1096/58_1346208822_5.jpg
dotted	http://media-cache-ec0.pinimg.com/736x/58/1a/c9/581ac9e344fab264624d1c9843c6d15b.jpg
striped	http://media2.hickorees.com/image/ColumbiaknitFrenchStripeTeeNavyWhite_L1.jpg
striped	http://image1.superdry.com/static/images/products/upload1077745487693620274.jpg
leopard	http://fashionhdpics.com/wp-content/uploads/2013/11/Leopard-Print-Tops-B00B3W4KVE.jpg
striped	https://cdnb.lystit.com/photos/2013/04/12/sacai-navy-embellished-striped-vest-top-product-1-7778058-186181037.jpeg
dotted	http://starstyle.lv/imimg/Bluzka_z_plisami_na_dekolcie_lezki_B61.jpg
striped	http://image.made-in-china.com/2f0j00mCPaNOSgSvze/Striped-Polo-Shirt-MYP0010-.jpg
dotted	https://www.amiclubwear.com/media/catalog/product/cache/1/image/9df78eab33525d08d6e5fb8d27136e95/c/l/clothing-sweater-ami88-093red.jpg
leopard	http://www.fosoz.com/wp-content/uploads/2013/07/23/7/1687-Twisted-Leopard-Blouse-For-Women-2.jpg
dotted	http://mcdn.zulilyinc.com/images/cache/product/76790/zu9498031_main_tm1396989429.jpg
striped	https://s-media-cache-ak0.pinimg.com/736x/d8/c1/dc/d8c1dcdc514cb5505a873cbf45834991.jpg
striped	http://images.countryoutfitter.com/images/photos/60221/60221_25527-wallpaper-stripe-vest_large.jpg
striped	http://streetwearmuse.com/image/cache/data/AAPE/Tshirts/aape-stripe-camo-pocket-t-shirt-green-white-2-900x900.jpg
leopard	http://www.gliks.com/Assets/ProductImages/LEOPARD-CARDIGAN-J9209PC132-BACK.jpg
striped	http://images.neimanmarcus.com/ca/1/product_assets/T/9/F/L/9/NMT9FL9_mk.jpg
dotted	http://img.romwe.com/images/romwe.com/201509/1443592979711531793.jpg
striped	http://www.chameleonmenswear.co.uk/images/products/zoom/1289924167-43757600.jpg
striped	http://www.yesfashionblog.com/wp-content/uploads/2014/12/14-Vince-Sweater-Striped-Cashmere-for-Women-1.jpg
leopard	http://img.shopittome.com/apparel_images/fb/joie-joie-chyanne-leopard-print-pullover-sweater-tan-abv9a18067d_zoom.jpg
dotted	http://static.shoplightspeed.com/shops/605060/files/001626985/polka-dot-puffer-vest.jpg
striped	http://www.maykool.com/media/catalog/product/cache/1/image/9df78eab33525d08d6e5fb8d27136e95/t/-/t-shirt-black-white-horizontal-stripe-t-shirt-009138.jpg
dotted	https://daol3a7s7tps6.cloudfront.net/catalog/product/cache/1/image/400x/9df78eab33525d08d6e5fb8d27136e95/l/e/lesa3_shirt004_t07-titel.jpg
striped	http://cdn.cichic.com/media/catalog/product/cache/1/image/5e06319eda06f020e43594a9c230972d/1/1/11175275455-1/black-and-white-striped-print-single-breasted-blouse.jpg
leopard	http://media-cache-ak0.pinimg.com/736x/f1/71/99/f171999f2da1fc444275575387e1e6c5.jpg
striped	http://images.swerve.co.uk/images/products/zoom/1337959899-19995000.jpg
leopard	http://g01.s.alicdn.com/kf/HTB1.4.KIFXXXXaFXXXXq6xXFXXXn/Trendy-women-chiffon-blouse-ladies-leopard-print.jpg
striped	https://cdn.lulus.com/images/product/xlarge/89370.jpg
leopard	https://image.spreadshirtmedia.com/image-server/v1/compositions/9033273T110A2PC27838326PA176PT14X0Y110S195PC27838327PA176PT14X0Y256S183/views/1,width=300,height=300,appearanceId=2,version=1440417743/leopard-spotted-t-shirt-men-s-polo-shirt.jpg
striped	http://i3.stycdn.net/images/2012/10/43/article/kt10/kt10b02908/selected-dave-stripe-t-shirt-gruen-schwarz-gestreift-1450-zoom-0.jpg
striped	http://www.atticclothing.com/images/products/zoom/1331722671-55723700.jpg
leopard	http://now-meow.com/wp-content/uploads/2014/03/leopard-cardigan-846x1112.jpg
dotted	http://media.laredoute.com/products/1200by1200/35/00/08/350008108_0_PR_1_350008108-11965797-ca06-4f5f-9b62-37cf5cf82d89.jpg
leopard	https://www.hotmiamistyles.com/v/vspfiles/photos/XA3326SD%20Leopard%20(B)-3.jpg
striped	http://www.infinities.co.uk/images/products/zoom/1392053676-65254000.jpg
leopard	http://www.polyvore.com/cgi/img-thing?.out=jpg&size=l&tid=78179481
